Date,Timestamp,Currency,Rate_to_USD
2025-11-07,2025-11-10T01:51:18.508928,AUD,1.5429
2025-11-07,2025-11-10T01:51:18.508928,BRL,5.3635
2025-11-07,2025-11-10T01:51:18.508928,CAD,1.4109
2025-11-07,2025-11-10T01:51:18.508928,CHF,0.80547
2025-11-07,2025-11-10T01:51:18.508928,CNY,7.1208
2025-11-07,2025-11-10T01:51:18.508928,EUR,0.86498
2025-11-07,2025-11-10T01:51:18.508928,GBP,0.76213
2025-11-07,2025-11-10T01:51:18.508928,IDR,16698
2025-11-07,2025-11-10T01:51:18.508928,INR,88.68
2025-11-07,2025-11-10T01:51:18.508928,JPY,153.09
2025-11-07,2025-11-10T01:51:18.508928,MXN,18.5615
2025-11-07,2025-11-10T01:51:18.508928,NZD,1.7792
2025-11-07,2025-11-10T01:51:18.508928,PHP,59.146
2025-11-07,2025-11-10T01:51:18.508928,THB,32.34
2025-11-07,2025-11-10T01:51:18.508928,TRY,42.212
2025-11-07,2025-11-10T01:51:18.508928,ZAR,17.348
2025-11-07,2025-11-10T06:38:21.123132,AUD,1.5429
2025-11-07,2025-11-10T06:38:21.123132,BRL,5.3635
2025-11-07,2025-11-10T06:38:21.123132,CAD,1.4109
2025-11-07,2025-11-10T06:38:21.123132,CHF,0.80547
2025-11-07,2025-11-10T06:38:21.123132,CNY,7.1208
2025-11-07,2025-11-10T06:38:21.123132,EUR,0.86498
2025-11-07,2025-11-10T06:38:21.123132,GBP,0.76213
2025-11-07,2025-11-10T06:38:21.123132,IDR,16698
2025-11-07,2025-11-10T06:38:21.123132,INR,88.68
2025-11-07,2025-11-10T06:38:21.123132,JPY,153.09
2025-11-07,2025-11-10T06:38:21.123132,MXN,18.5615
2025-11-07,2025-11-10T06:38:21.123132,NZD,1.7792
2025-11-07,2025-11-10T06:38:21.123132,PHP,59.146
2025-11-07,2025-11-10T06:38:21.123132,THB,32.34
2025-11-07,2025-11-10T06:38:21.123132,TRY,42.212
2025-11-07,2025-11-10T06:38:21.123132,ZAR,17.348
2025-11-10,2025-11-11T06:37:20.543290,AUD,1.5306
2025-11-10,2025-11-11T06:37:20.543290,BRL,5.314
2025-11-10,2025-11-11T06:37:20.543290,CAD,1.4012
2025-11-10,2025-11-11T06:37:20.543290,CHF,0.80529
2025-11-10,2025-11-11T06:37:20.543290,CNY,7.1193
2025-11-10,2025-11-11T06:37:20.543290,EUR,0.86423
2025-11-10,2025-11-11T06:37:20.543290,GBP,0.75862
2025-11-10,2025-11-11T06:37:20.543290,IDR,16693
2025-11-10,2025-11-11T06:37:20.543290,INR,88.68
2025-11-10,2025-11-11T06:37:20.543290,JPY,154.1
2025-11-10,2025-11-11T06:37:20.543290,MXN,18.4029
2025-11-10,2025-11-11T06:37:20.543290,NZD,1.7726
2025-11-10,2025-11-11T06:37:20.543290,PHP,58.944
2025-11-10,2025-11-11T06:37:20.543290,THB,32.335
2025-11-10,2025-11-11T06:37:20.543290,TRY,42.225
2025-11-10,2025-11-11T06:37:20.543290,ZAR,17.1864
2025-11-11,2025-11-12T06:37:03.534255,AUD,1.5324
2025-11-11,2025-11-12T06:37:03.534255,BRL,5.2869
2025-11-11,2025-11-12T06:37:03.534255,CAD,1.4025
2025-11-11,2025-11-12T06:37:03.534255,CHF,0.80156
2025-11-11,2025-11-12T06:37:03.534255,CNY,7.1185
2025-11-11,2025-11-12T06:37:03.534255,EUR,0.86393
2025-11-11,2025-11-12T06:37:03.534255,GBP,0.7606
2025-11-11,2025-11-12T06:37:03.534255,IDR,16727
2025-11-11,2025-11-12T06:37:03.534255,INR,88.49
2025-11-11,2025-11-12T06:37:03.534255,JPY,154.18
2025-11-11,2025-11-12T06:37:03.534255,MXN,18.3654
2025-11-11,2025-11-12T06:37:03.534255,NZD,1.7692
2025-11-11,2025-11-12T06:37:03.534255,PHP,58.968
2025-11-11,2025-11-12T06:37:03.534255,THB,32.43
2025-11-11,2025-11-12T06:37:03.534255,TRY,42.235
2025-11-11,2025-11-12T06:37:03.534255,ZAR,17.1662
2025-11-12,2025-11-13T06:37:09.130163,AUD,1.5287
2025-11-12,2025-11-13T06:37:09.130163,BRL,5.2689
2025-11-12,2025-11-13T06:37:09.130163,CAD,1.4008
2025-11-12,2025-11-13T06:37:09.130163,CHF,0.79907
2025-11-12,2025-11-13T06:37:09.130163,CNY,7.1165
2025-11-12,2025-11-13T06:37:09.130163,EUR,0.86386
2025-11-12,2025-11-13T06:37:09.130163,GBP,0.76218
2025-11-12,2025-11-13T06:37:09.130163,IDR,16761
2025-11-12,2025-11-13T06:37:09.130163,INR,88.61
2025-11-12,2025-11-13T06:37:09.130163,JPY,154.79
2025-11-12,2025-11-13T06:37:09.130163,MXN,18.2818
2025-11-12,2025-11-13T06:37:09.130163,NZD,1.765
2025-11-12,2025-11-13T06:37:09.130163,PHP,59.153
2025-11-12,2025-11-13T06:37:09.130163,THB,32.455
2025-11-12,2025-11-13T06:37:09.130163,TRY,42.244
2025-11-12,2025-11-13T06:37:09.130163,ZAR,17.0462
2025-11-13,2025-11-14T06:36:55.019677,AUD,1.5253
2025-11-13,2025-11-14T06:36:55.019677,BRL,5.283
2025-11-13,2025-11-14T06:36:55.019677,CAD,1.4005
2025-11-13,2025-11-14T06:36:55.019677,CHF,0.79559
2025-11-13,2025-11-14T06:36:55.019677,CNY,7.0961
2025-11-13,2025-11-14T06:36:55.019677,EUR,0.86066
2025-11-13,2025-11-14T06:36:55.019677,GBP,0.75902
2025-11-13,2025-11-14T06:36:55.019677,IDR,16711
2025-11-13,2025-11-14T06:36:55.019677,INR,88.69
2025-11-13,2025-11-14T06:36:55.019677,JPY,154.55
2025-11-13,2025-11-14T06:36:55.019677,MXN,18.2675
2025-11-13,2025-11-14T06:36:55.019677,NZD,1.765
2025-11-13,2025-11-14T06:36:55.019677,PHP,58.885
2025-11-13,2025-11-14T06:36:55.019677,THB,32.31
2025-11-13,2025-11-14T06:36:55.019677,TRY,42.254
2025-11-13,2025-11-14T06:36:55.019677,ZAR,17.0028
2025-11-14,2025-11-15T06:33:41.479864,AUD,1.5322
2025-11-14,2025-11-15T06:33:41.479864,BRL,5.3025
2025-11-14,2025-11-15T06:33:41.479864,CAD,1.402
2025-11-14,2025-11-15T06:33:41.479864,CHF,0.78855
2025-11-14,2025-11-15T06:33:41.479864,CNY,7.0961
2025-11-14,2025-11-15T06:33:41.479864,EUR,0.85852
2025-11-14,2025-11-15T06:33:41.479864,GBP,0.75944
2025-11-14,2025-11-15T06:33:41.479864,IDR,16702
2025-11-14,2025-11-15T06:33:41.479864,INR,88.68
2025-11-14,2025-11-15T06:33:41.479864,JPY,153.86
2025-11-14,2025-11-15T06:33:41.479864,MXN,18.374
2025-11-14,2025-11-15T06:33:41.479864,NZD,1.759
2025-11-14,2025-11-15T06:33:41.479864,PHP,58.976
2025-11-14,2025-11-15T06:33:41.479864,THB,32.4
2025-11-14,2025-11-15T06:33:41.479864,TRY,42.33
2025-11-14,2025-11-15T06:33:41.479864,ZAR,17.1326
2025-11-14,2025-11-16T06:34:39.407304,AUD,1.5322
2025-11-14,2025-11-16T06:34:39.407304,BRL,5.3025
2025-11-14,2025-11-16T06:34:39.407304,CAD,1.402
2025-11-14,2025-11-16T06:34:39.407304,CHF,0.78855
2025-11-14,2025-11-16T06:34:39.407304,CNY,7.0961
2025-11-14,2025-11-16T06:34:39.407304,EUR,0.85852
2025-11-14,2025-11-16T06:34:39.407304,GBP,0.75944
2025-11-14,2025-11-16T06:34:39.407304,IDR,16702
2025-11-14,2025-11-16T06:34:39.407304,INR,88.68
2025-11-14,2025-11-16T06:34:39.407304,JPY,153.86
2025-11-14,2025-11-16T06:34:39.407304,MXN,18.374
2025-11-14,2025-11-16T06:34:39.407304,NZD,1.759
2025-11-14,2025-11-16T06:34:39.407304,PHP,58.976
2025-11-14,2025-11-16T06:34:39.407304,THB,32.4
2025-11-14,2025-11-16T06:34:39.407304,TRY,42.33
2025-11-14,2025-11-16T06:34:39.407304,ZAR,17.1326
2025-11-14,2025-11-17T06:37:38.831461,AUD,1.5322
2025-11-14,2025-11-17T06:37:38.831461,BRL,5.3025
2025-11-14,2025-11-17T06:37:38.831461,CAD,1.402
2025-11-14,2025-11-17T06:37:38.831461,CHF,0.78855
2025-11-14,2025-11-17T06:37:38.831461,CNY,7.0961
2025-11-14,2025-11-17T06:37:38.831461,EUR,0.85852
2025-11-14,2025-11-17T06:37:38.831461,GBP,0.75944
2025-11-14,2025-11-17T06:37:38.831461,IDR,16702
2025-11-14,2025-11-17T06:37:38.831461,INR,88.68
2025-11-14,2025-11-17T06:37:38.831461,JPY,153.86
2025-11-14,2025-11-17T06:37:38.831461,MXN,18.374
2025-11-14,2025-11-17T06:37:38.831461,NZD,1.759
2025-11-14,2025-11-17T06:37:38.831461,PHP,58.976
2025-11-14,2025-11-17T06:37:38.831461,THB,32.4
2025-11-14,2025-11-17T06:37:38.831461,TRY,42.33
2025-11-14,2025-11-17T06:37:38.831461,ZAR,17.1326
2025-11-17,2025-11-18T06:36:17.687959,AUD,1.5352
2025-11-17,2025-11-18T06:36:17.687959,BRL,5.3043
2025-11-17,2025-11-18T06:36:17.687959,CAD,1.4034
2025-11-17,2025-11-18T06:36:17.687959,CHF,0.79574
2025-11-17,2025-11-18T06:36:17.687959,CNY,7.1076
2025-11-17,2025-11-18T06:36:17.687959,EUR,0.86259
2025-11-17,2025-11-18T06:36:17.687959,GBP,0.75865
2025-11-17,2025-11-18T06:36:17.687959,IDR,16735
2025-11-17,2025-11-18T06:36:17.687959,INR,88.61
2025-11-17,2025-11-18T06:36:17.687959,JPY,154.9
2025-11-17,2025-11-18T06:36:17.687959,MXN,18.3343
2025-11-17,2025-11-18T06:36:17.687959,NZD,1.7652
2025-11-17,2025-11-18T06:36:17.687959,PHP,58.962
2025-11-17,2025-11-18T06:36:17.687959,THB,32.47
2025-11-17,2025-11-18T06:36:17.687959,TRY,42.328
2025-11-17,2025-11-18T06:36:17.687959,ZAR,17.0774
2025-11-18,2025-11-19T06:36:28.261517,AUD,1.5384
2025-11-18,2025-11-19T06:36:28.261517,BRL,5.3402
2025-11-18,2025-11-19T06:36:28.261517,CAD,1.4027
2025-11-18,2025-11-19T06:36:28.261517,CHF,0.79664
2025-11-18,2025-11-19T06:36:28.261517,CNY,7.1104
2025-11-18,2025-11-19T06:36:28.261517,EUR,0.86281
2025-11-18,2025-11-19T06:36:28.261517,GBP,0.76109
2025-11-18,2025-11-19T06:36:28.261517,IDR,16756
2025-11-18,2025-11-19T06:36:28.261517,INR,88.56
2025-11-18,2025-11-19T06:36:28.261517,JPY,155.25
2025-11-18,2025-11-19T06:36:28.261517,MXN,18.4435
2025-11-18,2025-11-19T06:36:28.261517,NZD,1.7652
2025-11-18,2025-11-19T06:36:28.261517,PHP,58.828
2025-11-18,2025-11-19T06:36:28.261517,THB,32.415
2025-11-18,2025-11-19T06:36:28.261517,TRY,42.336
2025-11-18,2025-11-19T06:36:28.261517,ZAR,17.2348
2025-11-19,2025-11-20T06:36:12.877259,AUD,1.5413
2025-11-19,2025-11-20T06:36:12.877259,BRL,5.3354
2025-11-19,2025-11-20T06:36:12.877259,CAD,1.4012
2025-11-19,2025-11-20T06:36:12.877259,CHF,0.80152
2025-11-19,2025-11-20T06:36:12.877259,CNY,7.1103
2025-11-19,2025-11-20T06:36:12.877259,EUR,0.86333
2025-11-19,2025-11-20T06:36:12.877259,GBP,0.76207
2025-11-19,2025-11-20T06:36:12.877259,IDR,16718
2025-11-19,2025-11-20T06:36:12.877259,INR,88.5
2025-11-19,2025-11-20T06:36:12.877259,JPY,156.13
2025-11-19,2025-11-20T06:36:12.877259,MXN,18.3269
2025-11-19,2025-11-20T06:36:12.877259,NZD,1.7772
2025-11-19,2025-11-20T06:36:12.877259,PHP,58.885
2025-11-19,2025-11-20T06:36:12.877259,THB,32.435
2025-11-19,2025-11-20T06:36:12.877259,TRY,42.357
2025-11-19,2025-11-20T06:36:12.877259,ZAR,17.1569
2025-11-20,2025-11-21T06:37:40.976525,AUD,1.5436
2025-11-20,2025-11-21T06:37:40.976525,BRL,5.3311
2025-11-20,2025-11-21T06:37:40.976525,CAD,1.4065
2025-11-20,2025-11-21T06:37:40.976525,CHF,0.80719
2025-11-20,2025-11-21T06:37:40.976525,CNY,7.1138
2025-11-20,2025-11-21T06:37:40.976525,EUR,0.86851
2025-11-20,2025-11-21T06:37:40.976525,GBP,0.76559
2025-11-20,2025-11-21T06:37:40.976525,IDR,16749
2025-11-20,2025-11-21T06:37:40.976525,INR,88.71
2025-11-20,2025-11-21T06:37:40.976525,JPY,157.61
2025-11-20,2025-11-21T06:37:40.976525,MXN,18.3715
2025-11-20,2025-11-21T06:37:40.976525,NZD,1.7811
2025-11-20,2025-11-21T06:37:40.976525,PHP,59.048
2025-11-20,2025-11-21T06:37:40.976525,THB,32.425
2025-11-20,2025-11-21T06:37:40.976525,TRY,42.37
2025-11-20,2025-11-21T06:37:40.976525,ZAR,17.2388
2025-11-21,2025-11-22T06:33:32.697725,AUD,1.5515
2025-11-21,2025-11-22T06:33:32.697725,BRL,5.3714
2025-11-21,2025-11-22T06:33:32.697725,CAD,1.4085
2025-11-21,2025-11-22T06:33:32.697725,CHF,0.80634
2025-11-21,2025-11-22T06:33:32.697725,CNY,7.1098
2025-11-21,2025-11-22T06:33:32.697725,EUR,0.86806
2025-11-21,2025-11-22T06:33:32.697725,GBP,0.76415
2025-11-21,2025-11-22T06:33:32.697725,IDR,16718
2025-11-21,2025-11-22T06:33:32.697725,INR,89.64
2025-11-21,2025-11-22T06:33:32.697725,JPY,156.74
2025-11-21,2025-11-22T06:33:32.697725,MXN,18.4514
2025-11-21,2025-11-22T06:33:32.697725,NZD,1.7847
2025-11-21,2025-11-22T06:33:32.697725,PHP,58.869
2025-11-21,2025-11-22T06:33:32.697725,THB,32.45
2025-11-21,2025-11-22T06:33:32.697725,TRY,42.444
2025-11-21,2025-11-22T06:33:32.697725,ZAR,17.3585
2025-11-21,2025-11-23T06:34:44.317175,AUD,1.5515
2025-11-21,2025-11-23T06:34:44.317175,BRL,5.3714
2025-11-21,2025-11-23T06:34:44.317175,CAD,1.4085
2025-11-21,2025-11-23T06:34:44.317175,CHF,0.80634
2025-11-21,2025-11-23T06:34:44.317175,CNY,7.1098
2025-11-21,2025-11-23T06:34:44.317175,EUR,0.86806
2025-11-21,2025-11-23T06:34:44.317175,GBP,0.76415
2025-11-21,2025-11-23T06:34:44.317175,IDR,16718
2025-11-21,2025-11-23T06:34:44.317175,INR,89.64
2025-11-21,2025-11-23T06:34:44.317175,JPY,156.74
2025-11-21,2025-11-23T06:34:44.317175,MXN,18.4514
2025-11-21,2025-11-23T06:34:44.317175,NZD,1.7847
2025-11-21,2025-11-23T06:34:44.317175,PHP,58.869
2025-11-21,2025-11-23T06:34:44.317175,THB,32.45
2025-11-21,2025-11-23T06:34:44.317175,TRY,42.444
2025-11-21,2025-11-23T06:34:44.317175,ZAR,17.3585
2025-11-21,2025-11-24T06:37:51.974645,AUD,1.5515
2025-11-21,2025-11-24T06:37:51.974645,BRL,5.3714
2025-11-21,2025-11-24T06:37:51.974645,CAD,1.4085
2025-11-21,2025-11-24T06:37:51.974645,CHF,0.80634
2025-11-21,2025-11-24T06:37:51.974645,CNY,7.1098
2025-11-21,2025-11-24T06:37:51.974645,EUR,0.86806
2025-11-21,2025-11-24T06:37:51.974645,GBP,0.76415
2025-11-21,2025-11-24T06:37:51.974645,IDR,16718
2025-11-21,2025-11-24T06:37:51.974645,INR,89.64
2025-11-21,2025-11-24T06:37:51.974645,JPY,156.74
2025-11-21,2025-11-24T06:37:51.974645,MXN,18.4514
2025-11-21,2025-11-24T06:37:51.974645,NZD,1.7847
2025-11-21,2025-11-24T06:37:51.974645,PHP,58.869
2025-11-21,2025-11-24T06:37:51.974645,THB,32.45
2025-11-21,2025-11-24T06:37:51.974645,TRY,42.444
2025-11-21,2025-11-24T06:37:51.974645,ZAR,17.3585
2025-11-24,2025-11-25T06:38:25.136686,AUD,1.5487
2025-11-24,2025-11-25T06:38:25.136686,BRL,5.3826
2025-11-24,2025-11-25T06:38:25.136686,CAD,1.4102
2025-11-24,2025-11-25T06:38:25.136686,CHF,0.80769
2025-11-24,2025-11-25T06:38:25.136686,CNY,7.0888
2025-11-24,2025-11-25T06:38:25.136686,EUR,0.86625
2025-11-24,2025-11-25T06:38:25.136686,GBP,0.76265
2025-11-24,2025-11-25T06:38:25.136686,IDR,16633
2025-11-24,2025-11-25T06:38:25.136686,INR,89.15
2025-11-24,2025-11-25T06:38:25.136686,JPY,156.98
2025-11-24,2025-11-25T06:38:25.136686,MXN,18.3983
2025-11-24,2025-11-25T06:38:25.136686,NZD,1.7785
2025-11-24,2025-11-25T06:38:25.136686,PHP,58.735
2025-11-24,2025-11-25T06:38:25.136686,THB,32.402
2025-11-24,2025-11-25T06:38:25.136686,TRY,42.348
2025-11-24,2025-11-25T06:38:25.136686,ZAR,17.2801
2025-11-25,2025-11-26T06:38:02.112907,AUD,1.5477
2025-11-25,2025-11-26T06:38:02.112907,BRL,5.3655
2025-11-25,2025-11-26T06:38:02.112907,CAD,1.4112
2025-11-25,2025-11-26T06:38:02.112907,CHF,0.80902
2025-11-25,2025-11-26T06:38:02.112907,CNY,7.0855
2025-11-25,2025-11-26T06:38:02.112907,EUR,0.86573
2025-11-25,2025-11-26T06:38:02.112907,GBP,0.7608
2025-11-25,2025-11-26T06:38:02.112907,IDR,16609
2025-11-25,2025-11-26T06:38:02.112907,INR,89.2
2025-11-25,2025-11-26T06:38:02.112907,JPY,156.19
2025-11-25,2025-11-26T06:38:02.112907,MXN,18.4469
2025-11-25,2025-11-26T06:38:02.112907,NZD,1.7837
2025-11-25,2025-11-26T06:38:02.112907,PHP,58.847
2025-11-25,2025-11-26T06:38:02.112907,THB,32.285
2025-11-25,2025-11-26T06:38:02.112907,TRY,42.427
2025-11-25,2025-11-26T06:38:02.112907,ZAR,17.2176
2025-11-26,2025-11-27T06:38:23.948315,AUD,1.5391
2025-11-26,2025-11-27T06:38:23.948315,BRL,5.3763
2025-11-26,2025-11-27T06:38:23.948315,CAD,1.4087
2025-11-26,2025-11-27T06:38:23.948315,CHF,0.80686
2025-11-26,2025-11-27T06:38:23.948315,CNY,7.0795
2025-11-26,2025-11-27T06:38:23.948315,EUR,0.86378
2025-11-26,2025-11-27T06:38:23.948315,GBP,0.75805
2025-11-26,2025-11-27T06:38:23.948315,IDR,16649
2025-11-26,2025-11-27T06:38:23.948315,INR,89.2
2025-11-26,2025-11-27T06:38:23.948315,JPY,156.42
2025-11-26,2025-11-27T06:38:23.948315,MXN,18.3675
2025-11-26,2025-11-27T06:38:23.948315,NZD,1.7617
2025-11-26,2025-11-27T06:38:23.948315,PHP,58.826
2025-11-26,2025-11-27T06:38:23.948315,THB,32.215
2025-11-26,2025-11-27T06:38:23.948315,TRY,42.451
2025-11-26,2025-11-27T06:38:23.948315,ZAR,17.1424
2025-11-27,2025-11-28T06:38:19.581365,AUD,1.5323
2025-11-27,2025-11-28T06:38:19.581365,BRL,5.3477
2025-11-27,2025-11-28T06:38:19.581365,CAD,1.4045
2025-11-27,2025-11-28T06:38:19.581365,CHF,0.80589
2025-11-27,2025-11-28T06:38:19.581365,CNY,7.0834
2025-11-27,2025-11-28T06:38:19.581365,EUR,0.86311
2025-11-27,2025-11-28T06:38:19.581365,GBP,0.75557
2025-11-27,2025-11-28T06:38:19.581365,IDR,16640
2025-11-27,2025-11-28T06:38:19.581365,INR,89.4
2025-11-27,2025-11-28T06:38:19.581365,JPY,156.32
2025-11-27,2025-11-28T06:38:19.581365,MXN,18.3463
2025-11-27,2025-11-28T06:38:19.581365,NZD,1.7501
2025-11-27,2025-11-28T06:38:19.581365,PHP,58.768
2025-11-27,2025-11-28T06:38:19.581365,THB,32.225
2025-11-27,2025-11-28T06:38:19.581365,TRY,42.44
2025-11-27,2025-11-28T06:38:19.581365,ZAR,17.1731
2025-11-28,2025-11-29T06:35:01.694647,AUD,1.5322
2025-11-28,2025-11-29T06:35:01.694647,BRL,5.3391
2025-11-28,2025-11-29T06:35:01.694647,CAD,1.4015
2025-11-28,2025-11-29T06:35:01.694647,CHF,0.80564
2025-11-28,2025-11-29T06:35:01.694647,CNY,7.0756
2025-11-28,2025-11-29T06:35:01.694647,EUR,0.8646
2025-11-28,2025-11-29T06:35:01.694647,GBP,0.7567
2025-11-28,2025-11-29T06:35:01.694647,IDR,16660
2025-11-28,2025-11-29T06:35:01.694647,INR,89.48
2025-11-28,2025-11-29T06:35:01.694647,JPY,156.12
2025-11-28,2025-11-29T06:35:01.694647,MXN,18.3443
2025-11-28,2025-11-29T06:35:01.694647,NZD,1.7506
2025-11-28,2025-11-29T06:35:01.694647,PHP,58.666
2025-11-28,2025-11-29T06:35:01.694647,THB,32.195
2025-11-28,2025-11-29T06:35:01.694647,TRY,42.496
2025-11-28,2025-11-29T06:35:01.694647,ZAR,17.1159
2025-11-28,2025-11-30T06:36:26.937130,AUD,1.5322
2025-11-28,2025-11-30T06:36:26.937130,BRL,5.3391
2025-11-28,2025-11-30T06:36:26.937130,CAD,1.4015
2025-11-28,2025-11-30T06:36:26.937130,CHF,0.80564
2025-11-28,2025-11-30T06:36:26.937130,CNY,7.0756
2025-11-28,2025-11-30T06:36:26.937130,EUR,0.8646
2025-11-28,2025-11-30T06:36:26.937130,GBP,0.7567
2025-11-28,2025-11-30T06:36:26.937130,IDR,16660
2025-11-28,2025-11-30T06:36:26.937130,INR,89.48
2025-11-28,2025-11-30T06:36:26.937130,JPY,156.12
2025-11-28,2025-11-30T06:36:26.937130,MXN,18.3443
2025-11-28,2025-11-30T06:36:26.937130,NZD,1.7506
2025-11-28,2025-11-30T06:36:26.937130,PHP,58.666
2025-11-28,2025-11-30T06:36:26.937130,THB,32.195
2025-11-28,2025-11-30T06:36:26.937130,TRY,42.496
2025-11-28,2025-11-30T06:36:26.937130,ZAR,17.1159
2025-11-28,2025-12-01T06:40:42.151291,AUD,1.5322
2025-11-28,2025-12-01T06:40:42.151291,BRL,5.3391
2025-11-28,2025-12-01T06:40:42.151291,CAD,1.4015
2025-11-28,2025-12-01T06:40:42.151291,CHF,0.80564
2025-11-28,2025-12-01T06:40:42.151291,CNY,7.0756
2025-11-28,2025-12-01T06:40:42.151291,EUR,0.8646
2025-11-28,2025-12-01T06:40:42.151291,GBP,0.7567
2025-11-28,2025-12-01T06:40:42.151291,IDR,16660
2025-11-28,2025-12-01T06:40:42.151291,INR,89.48
2025-11-28,2025-12-01T06:40:42.151291,JPY,156.12
2025-11-28,2025-12-01T06:40:42.151291,MXN,18.3443
2025-11-28,2025-12-01T06:40:42.151291,NZD,1.7506
2025-11-28,2025-12-01T06:40:42.151291,PHP,58.666
2025-11-28,2025-12-01T06:40:42.151291,THB,32.195
2025-11-28,2025-12-01T06:40:42.151291,TRY,42.496
2025-11-28,2025-12-01T06:40:42.151291,ZAR,17.1159
2025-12-01,2025-12-02T06:39:23.748198,AUD,1.5233
2025-12-01,2025-12-02T06:39:23.748198,BRL,5.3466
2025-12-01,2025-12-02T06:39:23.748198,CAD,1.3961
2025-12-01,2025-12-02T06:39:23.748198,CHF,0.80053
2025-12-01,2025-12-02T06:39:23.748198,CNY,7.0718
2025-12-01,2025-12-02T06:39:23.748198,EUR,0.85866
2025-12-01,2025-12-02T06:39:23.748198,GBP,0.75374
2025-12-01,2025-12-02T06:39:23.748198,IDR,16590
2025-12-01,2025-12-02T06:39:23.748198,INR,89.54
2025-12-01,2025-12-02T06:39:23.748198,JPY,154.8
2025-12-01,2025-12-02T06:39:23.748198,MXN,18.2784
2025-12-01,2025-12-02T06:39:23.748198,NZD,1.7394
2025-12-01,2025-12-02T06:39:23.748198,PHP,58.484
2025-12-01,2025-12-02T06:39:23.748198,THB,31.93
2025-12-01,2025-12-02T06:39:23.748198,TRY,42.457
2025-12-01,2025-12-02T06:39:23.748198,ZAR,17.0756
2025-12-02,2025-12-03T06:38:53.387954,AUD,1.526
2025-12-02,2025-12-03T06:38:53.387954,BRL,5.3582
2025-12-02,2025-12-03T06:38:53.387954,CAD,1.4004
2025-12-02,2025-12-03T06:38:53.387954,CHF,0.80472
2025-12-02,2025-12-03T06:38:53.387954,CNY,7.071
2025-12-02,2025-12-03T06:38:53.387954,EUR,0.86103
2025-12-02,2025-12-03T06:38:53.387954,GBP,0.75736
2025-12-02,2025-12-03T06:38:53.387954,IDR,16625
2025-12-02,2025-12-03T06:38:53.387954,INR,89.95
2025-12-02,2025-12-03T06:38:53.387954,JPY,156.07
2025-12-02,2025-12-03T06:38:53.387954,MXN,18.3107
2025-12-02,2025-12-03T06:38:53.387954,NZD,1.7474
2025-12-02,2025-12-03T06:38:53.387954,PHP,58.671
2025-12-02,2025-12-03T06:38:53.387954,THB,32.015
2025-12-02,2025-12-03T06:38:53.387954,TRY,42.414
2025-12-02,2025-12-03T06:38:53.387954,ZAR,17.1037
2025-12-03,2025-12-04T06:38:48.551830,AUD,1.517
2025-12-03,2025-12-04T06:38:48.551830,BRL,5.3186
2025-12-03,2025-12-04T06:38:48.551830,CAD,1.3944
2025-12-03,2025-12-04T06:38:48.551830,CHF,0.80014
2025-12-03,2025-12-04T06:38:48.551830,CNY,7.0638
2025-12-03,2025-12-04T06:38:48.551830,EUR,0.85704
2025-12-03,2025-12-04T06:38:48.551830,GBP,0.75129
2025-12-03,2025-12-04T06:38:48.551830,IDR,16623
2025-12-03,2025-12-04T06:38:48.551830,INR,90.17
2025-12-03,2025-12-04T06:38:48.551830,JPY,155.37
2025-12-03,2025-12-04T06:38:48.551830,MXN,18.2525
2025-12-03,2025-12-04T06:38:48.551830,NZD,1.7391
2025-12-03,2025-12-04T06:38:48.551830,PHP,58.965
2025-12-03,2025-12-04T06:38:48.551830,THB,31.89
2025-12-03,2025-12-04T06:38:48.551830,TRY,42.445
2025-12-03,2025-12-04T06:38:48.551830,ZAR,17.0812
2025-12-04,2025-12-05T06:38:52.108747,AUD,1.5135
2025-12-04,2025-12-05T06:38:52.108747,BRL,5.3053
2025-12-04,2025-12-05T06:38:52.108747,CAD,1.3971
2025-12-04,2025-12-05T06:38:52.108747,CHF,0.80062
2025-12-04,2025-12-05T06:38:52.108747,CNY,7.0717
2025-12-04,2025-12-05T06:38:52.108747,EUR,0.85719
2025-12-04,2025-12-05T06:38:52.108747,GBP,0.74961
2025-12-04,2025-12-05T06:38:52.108747,IDR,16655
2025-12-04,2025-12-05T06:38:52.108747,INR,89.87
2025-12-04,2025-12-05T06:38:52.108747,JPY,154.77
2025-12-04,2025-12-05T06:38:52.108747,MXN,18.271
2025-12-04,2025-12-05T06:38:52.108747,NZD,1.7346
2025-12-04,2025-12-05T06:38:52.108747,PHP,59.033
2025-12-04,2025-12-05T06:38:52.108747,THB,32.055
2025-12-04,2025-12-05T06:38:52.108747,TRY,42.447
2025-12-04,2025-12-05T06:38:52.108747,ZAR,16.9809
2025-12-05,2025-12-06T06:35:06.146833,AUD,1.5067
2025-12-05,2025-12-06T06:35:06.146833,BRL,5.3113
2025-12-05,2025-12-06T06:35:06.146833,CAD,1.3937
2025-12-05,2025-12-06T06:35:06.146833,CHF,0.80421
2025-12-05,2025-12-06T06:35:06.146833,CNY,7.0702
2025-12-05,2025-12-06T06:35:06.146833,EUR,0.85874
2025-12-05,2025-12-06T06:35:06.146833,GBP,0.74942
2025-12-05,2025-12-06T06:35:06.146833,IDR,16672
2025-12-05,2025-12-06T06:35:06.146833,INR,89.94
2025-12-05,2025-12-06T06:35:06.146833,JPY,155.23
2025-12-05,2025-12-06T06:35:06.146833,MXN,18.1975
2025-12-05,2025-12-06T06:35:06.146833,NZD,1.731
2025-12-05,2025-12-06T06:35:06.146833,PHP,59.012
2025-12-05,2025-12-06T06:35:06.146833,THB,31.855
2025-12-05,2025-12-06T06:35:06.146833,TRY,42.514
2025-12-05,2025-12-06T06:35:06.146833,ZAR,16.9316
2025-12-05,2025-12-07T06:34:42.597911,AUD,1.5067
2025-12-05,2025-12-07T06:34:42.597911,BRL,5.3113
2025-12-05,2025-12-07T06:34:42.597911,CAD,1.3937
2025-12-05,2025-12-07T06:34:42.597911,CHF,0.80421
2025-12-05,2025-12-07T06:34:42.597911,CNY,7.0702
2025-12-05,2025-12-07T06:34:42.597911,EUR,0.85874
2025-12-05,2025-12-07T06:34:42.597911,GBP,0.74942
2025-12-05,2025-12-07T06:34:42.597911,IDR,16672
2025-12-05,2025-12-07T06:34:42.597911,INR,89.94
2025-12-05,2025-12-07T06:34:42.597911,JPY,155.23
2025-12-05,2025-12-07T06:34:42.597911,MXN,18.1975
2025-12-05,2025-12-07T06:34:42.597911,NZD,1.731
2025-12-05,2025-12-07T06:34:42.597911,PHP,59.012
2025-12-05,2025-12-07T06:34:42.597911,THB,31.855
2025-12-05,2025-12-07T06:34:42.597911,TRY,42.514
2025-12-05,2025-12-07T06:34:42.597911,ZAR,16.9316
2025-12-05,2025-12-08T06:41:50.214121,AUD,1.5067
2025-12-05,2025-12-08T06:41:50.214121,BRL,5.3113
2025-12-05,2025-12-08T06:41:50.214121,CAD,1.3937
2025-12-05,2025-12-08T06:41:50.214121,CHF,0.80421
2025-12-05,2025-12-08T06:41:50.214121,CNY,7.0702
2025-12-05,2025-12-08T06:41:50.214121,EUR,0.85874
2025-12-05,2025-12-08T06:41:50.214121,GBP,0.74942
2025-12-05,2025-12-08T06:41:50.214121,IDR,16672
2025-12-05,2025-12-08T06:41:50.214121,INR,89.94
2025-12-05,2025-12-08T06:41:50.214121,JPY,155.23
2025-12-05,2025-12-08T06:41:50.214121,MXN,18.1975
2025-12-05,2025-12-08T06:41:50.214121,NZD,1.731
2025-12-05,2025-12-08T06:41:50.214121,PHP,59.012
2025-12-05,2025-12-08T06:41:50.214121,THB,31.855
2025-12-05,2025-12-08T06:41:50.214121,TRY,42.514
2025-12-05,2025-12-08T06:41:50.214121,ZAR,16.9316
2025-12-08,2025-12-09T06:39:48.414777,AUD,1.5057
2025-12-08,2025-12-09T06:39:48.414777,BRL,5.4171
2025-12-08,2025-12-09T06:39:48.414777,CAD,1.3805
2025-12-08,2025-12-09T06:39:48.414777,CHF,0.80549
2025-12-08,2025-12-09T06:39:48.414777,CNY,7.068
2025-12-08,2025-12-09T06:39:48.414777,EUR,0.858
2025-12-08,2025-12-09T06:39:48.414777,GBP,0.75041
2025-12-08,2025-12-09T06:39:48.414777,IDR,16693
2025-12-08,2025-12-09T06:39:48.414777,INR,90.04
2025-12-08,2025-12-09T06:39:48.414777,JPY,155.55
2025-12-08,2025-12-09T06:39:48.414777,MXN,18.1879
2025-12-08,2025-12-09T06:39:48.414777,NZD,1.7272
2025-12-08,2025-12-09T06:39:48.414777,PHP,59.133
2025-12-08,2025-12-09T06:39:48.414777,THB,31.85
2025-12-08,2025-12-09T06:39:48.414777,TRY,42.567
2025-12-08,2025-12-09T06:39:48.414777,ZAR,16.9642
2025-12-09,2025-12-10T06:40:09.622212,AUD,1.5066
2025-12-09,2025-12-10T06:40:09.622212,BRL,5.4643
2025-12-09,2025-12-10T06:40:09.622212,CAD,1.3847
2025-12-09,2025-12-10T06:40:09.622212,CHF,0.80648
2025-12-09,2025-12-10T06:40:09.622212,CNY,7.0643
2025-12-09,2025-12-10T06:40:09.622212,EUR,0.85933
2025-12-09,2025-12-10T06:40:09.622212,GBP,0.75062
2025-12-09,2025-12-10T06:40:09.622212,IDR,16674
2025-12-09,2025-12-10T06:40:09.622212,INR,89.84
2025-12-09,2025-12-10T06:40:09.622212,JPY,156.36
2025-12-09,2025-12-10T06:40:09.622212,MXN,18.277
2025-12-09,2025-12-10T06:40:09.622212,NZD,1.7282
2025-12-09,2025-12-10T06:40:09.622212,PHP,59.331
2025-12-09,2025-12-10T06:40:09.622212,THB,31.855
2025-12-09,2025-12-10T06:40:09.622212,TRY,42.583
2025-12-09,2025-12-10T06:40:09.622212,ZAR,17.0715
2025-12-10,2025-12-11T06:40:55.511076,AUD,1.5053
2025-12-10,2025-12-11T06:40:55.511076,BRL,5.4571
2025-12-10,2025-12-11T06:40:55.511076,CAD,1.3846
2025-12-10,2025-12-11T06:40:55.511076,CHF,0.80419
2025-12-10,2025-12-11T06:40:55.511076,CNY,7.0625
2025-12-10,2025-12-11T06:40:55.511076,EUR,0.85955
2025-12-10,2025-12-11T06:40:55.511076,GBP,0.75133
2025-12-10,2025-12-11T06:40:55.511076,IDR,16683
2025-12-10,2025-12-11T06:40:55.511076,INR,89.91
2025-12-10,2025-12-11T06:40:55.511076,JPY,156.71
2025-12-10,2025-12-11T06:40:55.511076,MXN,18.2044
2025-12-10,2025-12-11T06:40:55.511076,NZD,1.7299
2025-12-10,2025-12-11T06:40:55.511076,PHP,59.285
2025-12-10,2025-12-11T06:40:55.511076,THB,31.845
2025-12-10,2025-12-11T06:40:55.511076,TRY,42.601
2025-12-10,2025-12-11T06:40:55.511076,ZAR,17.0274
2025-12-11,2025-12-12T06:40:29.522740,AUD,1.5026
2025-12-11,2025-12-12T06:40:29.522740,BRL,5.4455
2025-12-11,2025-12-12T06:40:29.522740,CAD,1.3799
2025-12-11,2025-12-12T06:40:29.522740,CHF,0.79674
2025-12-11,2025-12-12T06:40:29.522740,CNY,7.0581
2025-12-11,2025-12-12T06:40:29.522740,EUR,0.85368
2025-12-11,2025-12-12T06:40:29.522740,GBP,0.74705
2025-12-11,2025-12-12T06:40:29.522740,IDR,16676
2025-12-11,2025-12-12T06:40:29.522740,INR,90.32
2025-12-11,2025-12-12T06:40:29.522740,JPY,155.58
2025-12-11,2025-12-12T06:40:29.522740,MXN,18.1774
2025-12-11,2025-12-12T06:40:29.522740,NZD,1.7206
2025-12-11,2025-12-12T06:40:29.522740,PHP,59.002
2025-12-11,2025-12-12T06:40:29.522740,THB,31.745
2025-12-11,2025-12-12T06:40:29.522740,TRY,42.617
2025-12-11,2025-12-12T06:40:29.522740,ZAR,16.9409
2025-12-12,2025-12-13T06:36:37.710444,AUD,1.4998
2025-12-12,2025-12-13T06:36:37.710444,BRL,5.4015
2025-12-12,2025-12-13T06:36:37.710444,CAD,1.3758
2025-12-12,2025-12-13T06:36:37.710444,CHF,0.79558
2025-12-12,2025-12-13T06:36:37.710444,CNY,7.0547
2025-12-12,2025-12-13T06:36:37.710444,EUR,0.85244
2025-12-12,2025-12-13T06:36:37.710444,GBP,0.74734
2025-12-12,2025-12-13T06:36:37.710444,IDR,16652
2025-12-12,2025-12-13T06:36:37.710444,INR,90.53
2025-12-12,2025-12-13T06:36:37.710444,JPY,155.99
2025-12-12,2025-12-13T06:36:37.710444,MXN,18.0377
2025-12-12,2025-12-13T06:36:37.710444,NZD,1.721
2025-12-12,2025-12-13T06:36:37.710444,PHP,59.058
2025-12-12,2025-12-13T06:36:37.710444,THB,31.54
2025-12-12,2025-12-13T06:36:37.710444,TRY,42.57
2025-12-12,2025-12-13T06:36:37.710444,ZAR,16.8559
2025-12-12,2025-12-14T06:36:43.783875,AUD,1.4998
2025-12-12,2025-12-14T06:36:43.783875,BRL,5.4015
2025-12-12,2025-12-14T06:36:43.783875,CAD,1.3758
2025-12-12,2025-12-14T06:36:43.783875,CHF,0.79558
2025-12-12,2025-12-14T06:36:43.783875,CNY,7.0547
2025-12-12,2025-12-14T06:36:43.783875,EUR,0.85244
2025-12-12,2025-12-14T06:36:43.783875,GBP,0.74734
2025-12-12,2025-12-14T06:36:43.783875,IDR,16652
2025-12-12,2025-12-14T06:36:43.783875,INR,90.53
2025-12-12,2025-12-14T06:36:43.783875,JPY,155.99
2025-12-12,2025-12-14T06:36:43.783875,MXN,18.0377
2025-12-12,2025-12-14T06:36:43.783875,NZD,1.721
2025-12-12,2025-12-14T06:36:43.783875,PHP,59.058
2025-12-12,2025-12-14T06:36:43.783875,THB,31.54
2025-12-12,2025-12-14T06:36:43.783875,TRY,42.57
2025-12-12,2025-12-14T06:36:43.783875,ZAR,16.8559
2025-12-12,2025-12-15T06:42:23.147711,AUD,1.4998
2025-12-12,2025-12-15T06:42:23.147711,BRL,5.4015
2025-12-12,2025-12-15T06:42:23.147711,CAD,1.3758
2025-12-12,2025-12-15T06:42:23.147711,CHF,0.79558
2025-12-12,2025-12-15T06:42:23.147711,CNY,7.0547
2025-12-12,2025-12-15T06:42:23.147711,EUR,0.85244
2025-12-12,2025-12-15T06:42:23.147711,GBP,0.74734
2025-12-12,2025-12-15T06:42:23.147711,IDR,16652
2025-12-12,2025-12-15T06:42:23.147711,INR,90.53
2025-12-12,2025-12-15T06:42:23.147711,JPY,155.99
2025-12-12,2025-12-15T06:42:23.147711,MXN,18.0377
2025-12-12,2025-12-15T06:42:23.147711,NZD,1.721
2025-12-12,2025-12-15T06:42:23.147711,PHP,59.058
2025-12-12,2025-12-15T06:42:23.147711,THB,31.54
2025-12-12,2025-12-15T06:42:23.147711,TRY,42.57
2025-12-12,2025-12-15T06:42:23.147711,ZAR,16.8559
2025-12-15,2025-12-16T06:41:09.961292,AUD,1.5034
2025-12-15,2025-12-16T06:41:09.961292,BRL,5.3877
2025-12-15,2025-12-16T06:41:09.961292,CAD,1.3757
2025-12-15,2025-12-16T06:41:09.961292,CHF,0.79597
2025-12-15,2025-12-16T06:41:09.961292,CNY,7.0471
2025-12-15,2025-12-16T06:41:09.961292,EUR,0.85085
2025-12-15,2025-12-16T06:41:09.961292,GBP,0.74696
2025-12-15,2025-12-16T06:41:09.961292,IDR,16683
2025-12-15,2025-12-16T06:41:09.961292,INR,90.74
2025-12-15,2025-12-16T06:41:09.961292,JPY,155.13
2025-12-15,2025-12-16T06:41:09.961292,MXN,17.9801
2025-12-15,2025-12-16T06:41:09.961292,NZD,1.7264
2025-12-15,2025-12-16T06:41:09.961292,PHP,58.964
2025-12-15,2025-12-16T06:41:09.961292,THB,31.475
2025-12-15,2025-12-16T06:41:09.961292,TRY,42.699
2025-12-15,2025-12-16T06:41:09.961292,ZAR,16.7772
2025-12-16,2025-12-17T06:40:22.584381,AUD,1.5062
2025-12-16,2025-12-17T06:40:22.584381,BRL,5.4318
2025-12-16,2025-12-17T06:40:22.584381,CAD,1.3762
2025-12-16,2025-12-17T06:40:22.584381,CHF,0.79407
2025-12-16,2025-12-17T06:40:22.584381,CNY,7.0423
2025-12-16,2025-12-17T06:40:22.584381,EUR,0.84918
2025-12-16,2025-12-17T06:40:22.584381,GBP,0.74423
2025-12-16,2025-12-17T06:40:22.584381,IDR,16665
2025-12-16,2025-12-17T06:40:22.584381,INR,90.92
2025-12-16,2025-12-17T06:40:22.584381,JPY,154.61
2025-12-16,2025-12-17T06:40:22.584381,MXN,17.9628
2025-12-16,2025-12-17T06:40:22.584381,NZD,1.7278
2025-12-16,2025-12-17T06:40:22.584381,PHP,58.635
2025-12-16,2025-12-17T06:40:22.584381,THB,31.48
2025-12-16,2025-12-17T06:40:22.584381,TRY,42.715
2025-12-16,2025-12-17T06:40:22.584381,ZAR,16.7599
2025-12-17,2025-12-18T06:40:03.878830,AUD,1.5103
2025-12-17,2025-12-18T06:40:03.878830,BRL,5.5023
2025-12-17,2025-12-18T06:40:03.878830,CAD,1.379
2025-12-17,2025-12-18T06:40:03.878830,CHF,0.79611
2025-12-17,2025-12-18T06:40:03.878830,CNY,7.0439
2025-12-17,2025-12-18T06:40:03.878830,EUR,0.8531
2025-12-17,2025-12-18T06:40:03.878830,GBP,0.74945
2025-12-17,2025-12-18T06:40:03.878830,IDR,16692
2025-12-17,2025-12-18T06:40:03.878830,INR,90.37
2025-12-17,2025-12-18T06:40:03.878830,JPY,155.59
2025-12-17,2025-12-18T06:40:03.878830,MXN,17.9858
2025-12-17,2025-12-18T06:40:03.878830,NZD,1.7313
2025-12-17,2025-12-18T06:40:03.878830,PHP,58.669
2025-12-17,2025-12-18T06:40:03.878830,THB,31.515
2025-12-17,2025-12-18T06:40:03.878830,TRY,42.724
2025-12-17,2025-12-18T06:40:03.878830,ZAR,16.7333
2025-12-18,2025-12-19T06:38:53.444889,AUD,1.5133
2025-12-18,2025-12-19T06:38:53.444889,BRL,5.5476
2025-12-18,2025-12-19T06:38:53.444889,CAD,1.379
2025-12-18,2025-12-19T06:38:53.444889,CHF,0.79495
2025-12-18,2025-12-19T06:38:53.444889,CNY,7.0413
2025-12-18,2025-12-19T06:38:53.444889,EUR,0.85332
2025-12-18,2025-12-19T06:38:53.444889,GBP,0.74631
2025-12-18,2025-12-19T06:38:53.444889,IDR,16717
2025-12-18,2025-12-19T06:38:53.444889,INR,90.26
2025-12-18,2025-12-19T06:38:53.444889,JPY,155.77
2025-12-18,2025-12-19T06:38:53.444889,MXN,18.0024
2025-12-18,2025-12-19T06:38:53.444889,NZD,1.7343
2025-12-18,2025-12-19T06:38:53.444889,PHP,58.607
2025-12-18,2025-12-19T06:38:53.444889,THB,31.455
2025-12-18,2025-12-19T06:38:53.444889,TRY,42.734
2025-12-18,2025-12-19T06:38:53.444889,ZAR,16.7773
2025-12-19,2025-12-20T06:37:13.145234,AUD,1.5146
2025-12-19,2025-12-20T06:37:13.145234,BRL,5.5295
2025-12-19,2025-12-20T06:37:13.145234,CAD,1.3794
2025-12-19,2025-12-20T06:37:13.145234,CHF,0.79559
2025-12-19,2025-12-20T06:37:13.145234,CNY,7.0411
2025-12-19,2025-12-20T06:37:13.145234,EUR,0.85383
2025-12-19,2025-12-20T06:37:13.145234,GBP,0.74795
2025-12-19,2025-12-20T06:37:13.145234,IDR,16736
2025-12-19,2025-12-20T06:37:13.145234,INR,89.69
2025-12-19,2025-12-20T06:37:13.145234,JPY,157.23
2025-12-19,2025-12-20T06:37:13.145234,MXN,18.0149
2025-12-19,2025-12-20T06:37:13.145234,NZD,1.7427
2025-12-19,2025-12-20T06:37:13.145234,PHP,58.697
2025-12-19,2025-12-20T06:37:13.145234,THB,31.46
2025-12-19,2025-12-20T06:37:13.145234,TRY,42.809
2025-12-19,2025-12-20T06:37:13.145234,ZAR,16.7764
2025-12-19,2025-12-21T06:37:29.486185,AUD,1.5146
2025-12-19,2025-12-21T06:37:29.486185,BRL,5.5295
2025-12-19,2025-12-21T06:37:29.486185,CAD,1.3794
2025-12-19,2025-12-21T06:37:29.486185,CHF,0.79559
2025-12-19,2025-12-21T06:37:29.486185,CNY,7.0411
2025-12-19,2025-12-21T06:37:29.486185,EUR,0.85383
2025-12-19,2025-12-21T06:37:29.486185,GBP,0.74795
2025-12-19,2025-12-21T06:37:29.486185,IDR,16736
2025-12-19,2025-12-21T06:37:29.486185,INR,89.69
2025-12-19,2025-12-21T06:37:29.486185,JPY,157.23
2025-12-19,2025-12-21T06:37:29.486185,MXN,18.0149
2025-12-19,2025-12-21T06:37:29.486185,NZD,1.7427
2025-12-19,2025-12-21T06:37:29.486185,PHP,58.697
2025-12-19,2025-12-21T06:37:29.486185,THB,31.46
2025-12-19,2025-12-21T06:37:29.486185,TRY,42.809
2025-12-19,2025-12-21T06:37:29.486185,ZAR,16.7764
2025-12-19,2025-12-22T06:41:57.804040,AUD,1.5146
2025-12-19,2025-12-22T06:41:57.804040,BRL,5.5295
2025-12-19,2025-12-22T06:41:57.804040,CAD,1.3794
2025-12-19,2025-12-22T06:41:57.804040,CHF,0.79559
2025-12-19,2025-12-22T06:41:57.804040,CNY,7.0411
2025-12-19,2025-12-22T06:41:57.804040,EUR,0.85383
2025-12-19,2025-12-22T06:41:57.804040,GBP,0.74795
2025-12-19,2025-12-22T06:41:57.804040,IDR,16736
2025-12-19,2025-12-22T06:41:57.804040,INR,89.69
2025-12-19,2025-12-22T06:41:57.804040,JPY,157.23
2025-12-19,2025-12-22T06:41:57.804040,MXN,18.0149
2025-12-19,2025-12-22T06:41:57.804040,NZD,1.7427
2025-12-19,2025-12-22T06:41:57.804040,PHP,58.697
2025-12-19,2025-12-22T06:41:57.804040,THB,31.46
2025-12-19,2025-12-22T06:41:57.804040,TRY,42.809
2025-12-19,2025-12-22T06:41:57.804040,ZAR,16.7764
2025-12-22,2025-12-23T06:41:12.764586,AUD,1.5042
2025-12-22,2025-12-23T06:41:12.764586,BRL,5.5294
2025-12-22,2025-12-23T06:41:12.764586,CAD,1.3766
2025-12-22,2025-12-23T06:41:12.764586,CHF,0.79319
2025-12-22,2025-12-23T06:41:12.764586,CNY,7.037
2025-12-22,2025-12-23T06:41:12.764586,EUR,0.85143
2025-12-22,2025-12-23T06:41:12.764586,GBP,0.74432
2025-12-22,2025-12-23T06:41:12.764586,IDR,16776
2025-12-22,2025-12-23T06:41:12.764586,INR,89.65
2025-12-22,2025-12-23T06:41:12.764586,JPY,157.32
2025-12-22,2025-12-23T06:41:12.764586,MXN,18.0026
2025-12-22,2025-12-23T06:41:12.764586,NZD,1.7269
2025-12-22,2025-12-23T06:41:12.764586,PHP,58.717
2025-12-22,2025-12-23T06:41:12.764586,THB,31.15
2025-12-22,2025-12-23T06:41:12.764586,TRY,42.81
2025-12-22,2025-12-23T06:41:12.764586,ZAR,16.6993
2025-12-23,2025-12-24T06:41:09.470683,AUD,1.4939
2025-12-23,2025-12-24T06:41:09.470683,BRL,5.5872
2025-12-23,2025-12-24T06:41:09.470683,CAD,1.3701
2025-12-23,2025-12-24T06:41:09.470683,CHF,0.78797
2025-12-23,2025-12-24T06:41:09.470683,CNY,7.0281
2025-12-23,2025-12-24T06:41:09.470683,EUR,0.84846
2025-12-23,2025-12-24T06:41:09.470683,GBP,0.74062
2025-12-23,2025-12-24T06:41:09.470683,IDR,16787
2025-12-23,2025-12-24T06:41:09.470683,INR,89.56
2025-12-23,2025-12-24T06:41:09.470683,JPY,156.02
2025-12-23,2025-12-24T06:41:09.470683,MXN,17.9442
2025-12-23,2025-12-24T06:41:09.470683,NZD,1.713
2025-12-23,2025-12-24T06:41:09.470683,PHP,58.824
2025-12-23,2025-12-24T06:41:09.470683,THB,31.11
2025-12-23,2025-12-24T06:41:09.470683,TRY,42.83
2025-12-23,2025-12-24T06:41:09.470683,ZAR,16.6345
2025-12-24,2025-12-25T06:40:17.892503,AUD,1.4921
2025-12-24,2025-12-25T06:40:17.892503,BRL,5.521
2025-12-24,2025-12-25T06:40:17.892503,CAD,1.3683
2025-12-24,2025-12-25T06:40:17.892503,CHF,0.78765
2025-12-24,2025-12-25T06:40:17.892503,CNY,7.0144
2025-12-24,2025-12-25T06:40:17.892503,EUR,0.84839
2025-12-24,2025-12-25T06:40:17.892503,GBP,0.74056
2025-12-24,2025-12-25T06:40:17.892503,IDR,16747
2025-12-24,2025-12-25T06:40:17.892503,INR,89.74
2025-12-24,2025-12-25T06:40:17.892503,JPY,155.96
2025-12-24,2025-12-25T06:40:17.892503,MXN,17.9028
2025-12-24,2025-12-25T06:40:17.892503,NZD,1.7135
2025-12-24,2025-12-25T06:40:17.892503,PHP,58.767
2025-12-24,2025-12-25T06:40:17.892503,THB,31.045
2025-12-24,2025-12-25T06:40:17.892503,TRY,42.85
2025-12-24,2025-12-25T06:40:17.892503,ZAR,16.6362
2025-12-24,2025-12-26T06:39:45.524350,AUD,1.4921
2025-12-24,2025-12-26T06:39:45.524350,BRL,5.521
2025-12-24,2025-12-26T06:39:45.524350,CAD,1.3683
2025-12-24,2025-12-26T06:39:45.524350,CHF,0.78765
2025-12-24,2025-12-26T06:39:45.524350,CNY,7.0144
2025-12-24,2025-12-26T06:39:45.524350,EUR,0.84839
2025-12-24,2025-12-26T06:39:45.524350,GBP,0.74056
2025-12-24,2025-12-26T06:39:45.524350,IDR,16747
2025-12-24,2025-12-26T06:39:45.524350,INR,89.74
2025-12-24,2025-12-26T06:39:45.524350,JPY,155.96
2025-12-24,2025-12-26T06:39:45.524350,MXN,17.9028
2025-12-24,2025-12-26T06:39:45.524350,NZD,1.7135
2025-12-24,2025-12-26T06:39:45.524350,PHP,58.767
2025-12-24,2025-12-26T06:39:45.524350,THB,31.045
2025-12-24,2025-12-26T06:39:45.524350,TRY,42.85
2025-12-24,2025-12-26T06:39:45.524350,ZAR,16.6362
2025-12-24,2025-12-27T06:38:01.373430,AUD,1.4921
2025-12-24,2025-12-27T06:38:01.373430,BRL,5.521
2025-12-24,2025-12-27T06:38:01.373430,CAD,1.3683
2025-12-24,2025-12-27T06:38:01.373430,CHF,0.78765
2025-12-24,2025-12-27T06:38:01.373430,CNY,7.0144
2025-12-24,2025-12-27T06:38:01.373430,EUR,0.84839
2025-12-24,2025-12-27T06:38:01.373430,GBP,0.74056
2025-12-24,2025-12-27T06:38:01.373430,IDR,16747
2025-12-24,2025-12-27T06:38:01.373430,INR,89.74
2025-12-24,2025-12-27T06:38:01.373430,JPY,155.96
2025-12-24,2025-12-27T06:38:01.373430,MXN,17.9028
2025-12-24,2025-12-27T06:38:01.373430,NZD,1.7135
2025-12-24,2025-12-27T06:38:01.373430,PHP,58.767
2025-12-24,2025-12-27T06:38:01.373430,THB,31.045
2025-12-24,2025-12-27T06:38:01.373430,TRY,42.85
2025-12-24,2025-12-27T06:38:01.373430,ZAR,16.6362
2025-12-24,2025-12-28T06:38:19.122041,AUD,1.4921
2025-12-24,2025-12-28T06:38:19.122041,BRL,5.521
2025-12-24,2025-12-28T06:38:19.122041,CAD,1.3683
2025-12-24,2025-12-28T06:38:19.122041,CHF,0.78765
2025-12-24,2025-12-28T06:38:19.122041,CNY,7.0144
2025-12-24,2025-12-28T06:38:19.122041,EUR,0.84839
2025-12-24,2025-12-28T06:38:19.122041,GBP,0.74056
2025-12-24,2025-12-28T06:38:19.122041,IDR,16747
2025-12-24,2025-12-28T06:38:19.122041,INR,89.74
2025-12-24,2025-12-28T06:38:19.122041,JPY,155.96
2025-12-24,2025-12-28T06:38:19.122041,MXN,17.9028
2025-12-24,2025-12-28T06:38:19.122041,NZD,1.7135
2025-12-24,2025-12-28T06:38:19.122041,PHP,58.767
2025-12-24,2025-12-28T06:38:19.122041,THB,31.045
2025-12-24,2025-12-28T06:38:19.122041,TRY,42.85
2025-12-24,2025-12-28T06:38:19.122041,ZAR,16.6362
2025-12-24,2025-12-29T06:42:51.110604,AUD,1.4921
2025-12-24,2025-12-29T06:42:51.110604,BRL,5.521
2025-12-24,2025-12-29T06:42:51.110604,CAD,1.3683
2025-12-24,2025-12-29T06:42:51.110604,CHF,0.78765
2025-12-24,2025-12-29T06:42:51.110604,CNY,7.0144
2025-12-24,2025-12-29T06:42:51.110604,EUR,0.84839
2025-12-24,2025-12-29T06:42:51.110604,GBP,0.74056
2025-12-24,2025-12-29T06:42:51.110604,IDR,16747
2025-12-24,2025-12-29T06:42:51.110604,INR,89.74
2025-12-24,2025-12-29T06:42:51.110604,JPY,155.96
2025-12-24,2025-12-29T06:42:51.110604,MXN,17.9028
2025-12-24,2025-12-29T06:42:51.110604,NZD,1.7135
2025-12-24,2025-12-29T06:42:51.110604,PHP,58.767
2025-12-24,2025-12-29T06:42:51.110604,THB,31.045
2025-12-24,2025-12-29T06:42:51.110604,TRY,42.85
2025-12-24,2025-12-29T06:42:51.110604,ZAR,16.6362
2025-12-29,2025-12-30T06:40:15.498244,AUD,1.4944
2025-12-29,2025-12-30T06:40:15.498244,BRL,5.5707
2025-12-29,2025-12-30T06:40:15.498244,CAD,1.3689
2025-12-29,2025-12-30T06:40:15.498244,CHF,0.78982
2025-12-29,2025-12-30T06:40:15.498244,CNY,7.0065
2025-12-29,2025-12-30T06:40:15.498244,EUR,0.84991
2025-12-29,2025-12-30T06:40:15.498244,GBP,0.74163
2025-12-29,2025-12-30T06:40:15.498244,IDR,16771
2025-12-29,2025-12-30T06:40:15.498244,INR,89.9
2025-12-29,2025-12-30T06:40:15.498244,JPY,156.36
2025-12-29,2025-12-30T06:40:15.498244,MXN,17.933
2025-12-29,2025-12-30T06:40:15.498244,NZD,1.7249
2025-12-29,2025-12-30T06:40:15.498244,PHP,58.865
2025-12-29,2025-12-30T06:40:15.498244,THB,31.44
2025-12-29,2025-12-30T06:40:15.498244,TRY,42.936
2025-12-29,2025-12-30T06:40:15.498244,ZAR,16.6556
2025-12-30,2025-12-31T06:40:27.737462,AUD,1.4921
2025-12-30,2025-12-31T06:40:27.737462,BRL,5.5226
2025-12-30,2025-12-31T06:40:27.737462,CAD,1.3697
2025-12-30,2025-12-31T06:40:27.737462,CHF,0.79042
2025-12-30,2025-12-31T06:40:27.737462,CNY,6.9929
2025-12-30,2025-12-31T06:40:27.737462,EUR,0.85056
2025-12-30,2025-12-31T06:40:27.737462,GBP,0.74101
2025-12-30,2025-12-31T06:40:27.737462,IDR,16765
2025-12-30,2025-12-31T06:40:27.737462,INR,89.8
2025-12-30,2025-12-31T06:40:27.737462,JPY,156.06
2025-12-30,2025-12-31T06:40:27.737462,MXN,17.9646
2025-12-30,2025-12-31T06:40:27.737462,NZD,1.7248
2025-12-30,2025-12-31T06:40:27.737462,PHP,58.83
2025-12-30,2025-12-31T06:40:27.737462,THB,31.415
2025-12-30,2025-12-31T06:40:27.737462,TRY,42.923
2025-12-30,2025-12-31T06:40:27.737462,ZAR,16.6344
2025-12-31,2026-01-01T06:41:10.100216,AUD,1.4963
2025-12-31,2026-01-01T06:41:10.100216,BRL,5.4778
2025-12-31,2026-01-01T06:41:10.100216,CAD,1.3692
2025-12-31,2026-01-01T06:41:10.100216,CHF,0.79268
2025-12-31,2026-01-01T06:41:10.100216,CNY,7.001
2025-12-31,2026-01-01T06:41:10.100216,EUR,0.85106
2025-12-31,2026-01-01T06:41:10.100216,GBP,0.74264
2025-12-31,2026-01-01T06:41:10.100216,IDR,16716
2025-12-31,2026-01-01T06:41:10.100216,INR,89.87
2025-12-31,2026-01-01T06:41:10.100216,JPY,156.67
2025-12-31,2026-01-01T06:41:10.100216,MXN,17.9728
2025-12-31,2026-01-01T06:41:10.100216,NZD,1.7345
2025-12-31,2026-01-01T06:41:10.100216,PHP,58.95
2025-12-31,2026-01-01T06:41:10.100216,THB,31.675
2025-12-31,2026-01-01T06:41:10.100216,TRY,42.965
2025-12-31,2026-01-01T06:41:10.100216,ZAR,16.548
2025-12-31,2026-01-02T06:40:45.603905,AUD,1.4963
2025-12-31,2026-01-02T06:40:45.603905,BRL,5.4778
2025-12-31,2026-01-02T06:40:45.603905,CAD,1.3692
2025-12-31,2026-01-02T06:40:45.603905,CHF,0.79268
2025-12-31,2026-01-02T06:40:45.603905,CNY,7.001
2025-12-31,2026-01-02T06:40:45.603905,EUR,0.85106
2025-12-31,2026-01-02T06:40:45.603905,GBP,0.74264
2025-12-31,2026-01-02T06:40:45.603905,IDR,16716
2025-12-31,2026-01-02T06:40:45.603905,INR,89.87
2025-12-31,2026-01-02T06:40:45.603905,JPY,156.67
2025-12-31,2026-01-02T06:40:45.603905,MXN,17.9728
2025-12-31,2026-01-02T06:40:45.603905,NZD,1.7345
2025-12-31,2026-01-02T06:40:45.603905,PHP,58.95
2025-12-31,2026-01-02T06:40:45.603905,THB,31.675
2025-12-31,2026-01-02T06:40:45.603905,TRY,42.965
2025-12-31,2026-01-02T06:40:45.603905,ZAR,16.548
2026-01-02,2026-01-03T06:38:21.348426,AUD,1.4937
2026-01-02,2026-01-03T06:38:21.348426,BRL,5.4384
2026-01-02,2026-01-03T06:38:21.348426,CAD,1.3733
2026-01-02,2026-01-03T06:38:21.348426,CHF,0.79311
2026-01-02,2026-01-03T06:38:21.348426,CNY,6.9937
2026-01-02,2026-01-03T06:38:21.348426,EUR,0.85317
2026-01-02,2026-01-03T06:38:21.348426,GBP,0.74388
2026-01-02,2026-01-03T06:38:21.348426,IDR,16716
2026-01-02,2026-01-03T06:38:21.348426,INR,90.2
2026-01-02,2026-01-03T06:38:21.348426,JPY,156.93
2026-01-02,2026-01-03T06:38:21.348426,MXN,17.9396
2026-01-02,2026-01-03T06:38:21.348426,NZD,1.7334
2026-01-02,2026-01-03T06:38:21.348426,PHP,58.847
2026-01-02,2026-01-03T06:38:21.348426,THB,31.39
2026-01-02,2026-01-03T06:38:21.348426,TRY,43.028
2026-01-02,2026-01-03T06:38:21.348426,ZAR,16.514
2026-01-02,2026-01-04T06:39:00.093211,AUD,1.4937
2026-01-02,2026-01-04T06:39:00.093211,BRL,5.4384
2026-01-02,2026-01-04T06:39:00.093211,CAD,1.3733
2026-01-02,2026-01-04T06:39:00.093211,CHF,0.79311
2026-01-02,2026-01-04T06:39:00.093211,CNY,6.9937
2026-01-02,2026-01-04T06:39:00.093211,EUR,0.85317
2026-01-02,2026-01-04T06:39:00.093211,GBP,0.74388
2026-01-02,2026-01-04T06:39:00.093211,IDR,16716
2026-01-02,2026-01-04T06:39:00.093211,INR,90.2
2026-01-02,2026-01-04T06:39:00.093211,JPY,156.93
2026-01-02,2026-01-04T06:39:00.093211,MXN,17.9396
2026-01-02,2026-01-04T06:39:00.093211,NZD,1.7334
2026-01-02,2026-01-04T06:39:00.093211,PHP,58.847
2026-01-02,2026-01-04T06:39:00.093211,THB,31.39
2026-01-02,2026-01-04T06:39:00.093211,TRY,43.028
2026-01-02,2026-01-04T06:39:00.093211,ZAR,16.514
2026-01-02,2026-01-05T06:48:06.936958,AUD,1.4937
2026-01-02,2026-01-05T06:48:06.936958,BRL,5.4384
2026-01-02,2026-01-05T06:48:06.936958,CAD,1.3733
2026-01-02,2026-01-05T06:48:06.936958,CHF,0.79311
2026-01-02,2026-01-05T06:48:06.936958,CNY,6.9937
2026-01-02,2026-01-05T06:48:06.936958,EUR,0.85317
2026-01-02,2026-01-05T06:48:06.936958,GBP,0.74388
2026-01-02,2026-01-05T06:48:06.936958,IDR,16716
2026-01-02,2026-01-05T06:48:06.936958,INR,90.2
2026-01-02,2026-01-05T06:48:06.936958,JPY,156.93
2026-01-02,2026-01-05T06:48:06.936958,MXN,17.9396
2026-01-02,2026-01-05T06:48:06.936958,NZD,1.7334
2026-01-02,2026-01-05T06:48:06.936958,PHP,58.847
2026-01-02,2026-01-05T06:48:06.936958,THB,31.39
2026-01-02,2026-01-05T06:48:06.936958,TRY,43.028
2026-01-02,2026-01-05T06:48:06.936958,ZAR,16.514
2026-01-05,2026-01-06T06:41:51.807432,AUD,1.4997
2026-01-05,2026-01-06T06:41:51.807432,BRL,5.4415
2026-01-05,2026-01-06T06:41:51.807432,CAD,1.3792
2026-01-05,2026-01-06T06:41:51.807432,CHF,0.79638
2026-01-05,2026-01-06T06:41:51.807432,CNY,6.9854
2026-01-05,2026-01-06T06:41:51.807432,EUR,0.85734
2026-01-05,2026-01-06T06:41:51.807432,GBP,0.74383
2026-01-05,2026-01-06T06:41:51.807432,IDR,16740
2026-01-05,2026-01-06T06:41:51.807432,INR,90.29
2026-01-05,2026-01-06T06:41:51.807432,JPY,156.83
2026-01-05,2026-01-06T06:41:51.807432,MXN,18.0101
2026-01-05,2026-01-06T06:41:51.807432,NZD,1.7401
2026-01-05,2026-01-06T06:41:51.807432,PHP,59.079
2026-01-05,2026-01-06T06:41:51.807432,THB,31.375
2026-01-05,2026-01-06T06:41:51.807432,TRY,43.042
2026-01-05,2026-01-06T06:41:51.807432,ZAR,16.4839
2026-01-06,2026-01-07T06:41:29.142110,AUD,1.4882
2026-01-06,2026-01-07T06:41:29.142110,BRL,5.3986
2026-01-06,2026-01-07T06:41:29.142110,CAD,1.3777
2026-01-06,2026-01-07T06:41:29.142110,CHF,0.79329
2026-01-06,2026-01-07T06:41:29.142110,CNY,6.9844
2026-01-06,2026-01-07T06:41:29.142110,EUR,0.85419
2026-01-06,2026-01-07T06:41:29.142110,GBP,0.73998
2026-01-06,2026-01-07T06:41:29.142110,IDR,16770
2026-01-06,2026-01-07T06:41:29.142110,INR,90.15
2026-01-06,2026-01-07T06:41:29.142110,JPY,156.44
2026-01-06,2026-01-07T06:41:29.142110,MXN,17.9576
2026-01-06,2026-01-07T06:41:29.142110,NZD,1.7282
2026-01-06,2026-01-07T06:41:29.142110,PHP,59.21
2026-01-06,2026-01-07T06:41:29.142110,THB,31.27
2026-01-06,2026-01-07T06:41:29.142110,TRY,43.042
2026-01-06,2026-01-07T06:41:29.142110,ZAR,16.3963
2026-01-07,2026-01-08T06:41:48.047741,AUD,1.4864
2026-01-07,2026-01-08T06:41:48.047741,BRL,5.3916
2026-01-07,2026-01-08T06:41:48.047741,CAD,1.3809
2026-01-07,2026-01-08T06:41:48.047741,CHF,0.7963
2026-01-07,2026-01-08T06:41:48.047741,CNY,6.9912
2026-01-07,2026-01-08T06:41:48.047741,EUR,0.85587
2026-01-07,2026-01-08T06:41:48.047741,GBP,0.74153
2026-01-07,2026-01-08T06:41:48.047741,IDR,16768
2026-01-07,2026-01-08T06:41:48.047741,INR,89.85
2026-01-07,2026-01-08T06:41:48.047741,JPY,156.55
2026-01-07,2026-01-08T06:41:48.047741,MXN,17.981
2026-01-07,2026-01-08T06:41:48.047741,NZD,1.7289
2026-01-07,2026-01-08T06:41:48.047741,PHP,59.316
2026-01-07,2026-01-08T06:41:48.047741,THB,31.33
2026-01-07,2026-01-08T06:41:48.047741,TRY,43.043
2026-01-07,2026-01-08T06:41:48.047741,ZAR,16.4543
2026-01-08,2026-01-09T06:41:53.760037,AUD,1.4932
2026-01-08,2026-01-09T06:41:53.760037,BRL,5.38
2026-01-08,2026-01-09T06:41:53.760037,CAD,1.3861
2026-01-08,2026-01-09T06:41:53.760037,CHF,0.7976
2026-01-08,2026-01-09T06:41:53.760037,CNY,6.9818
2026-01-08,2026-01-09T06:41:53.760037,EUR,0.85653
2026-01-08,2026-01-09T06:41:53.760037,GBP,0.74407
2026-01-08,2026-01-09T06:41:53.760037,IDR,16836
2026-01-08,2026-01-09T06:41:53.760037,INR,89.93
2026-01-08,2026-01-09T06:41:53.760037,JPY,156.72
2026-01-08,2026-01-09T06:41:53.760037,MXN,17.964
2026-01-08,2026-01-09T06:41:53.760037,NZD,1.7399
2026-01-08,2026-01-09T06:41:53.760037,PHP,59.163
2026-01-08,2026-01-09T06:41:53.760037,THB,31.54
2026-01-08,2026-01-09T06:41:53.760037,TRY,43.048
2026-01-08,2026-01-09T06:41:53.760037,ZAR,16.5149
2026-01-09,2026-01-10T06:37:28.340042,AUD,1.4981
2026-01-09,2026-01-10T06:37:28.340042,BRL,5.3885
2026-01-09,2026-01-10T06:37:28.340042,CAD,1.3883
2026-01-09,2026-01-10T06:37:28.340042,CHF,0.80003
2026-01-09,2026-01-10T06:37:28.340042,CNY,6.9823
2026-01-09,2026-01-10T06:37:28.340042,EUR,0.85896
2026-01-09,2026-01-10T06:37:28.340042,GBP,0.74532
2026-01-09,2026-01-10T06:37:28.340042,IDR,16860
2026-01-09,2026-01-10T06:37:28.340042,INR,90.22
2026-01-09,2026-01-10T06:37:28.340042,JPY,157.64
2026-01-09,2026-01-10T06:37:28.340042,MXN,18.0278
2026-01-09,2026-01-10T06:37:28.340042,NZD,1.747
2026-01-09,2026-01-10T06:37:28.340042,PHP,59.212
2026-01-09,2026-01-10T06:37:28.340042,THB,31.465
2026-01-09,2026-01-10T06:37:28.340042,TRY,43.106
2026-01-09,2026-01-10T06:37:28.340042,ZAR,16.575
2026-01-09,2026-01-11T06:39:14.984106,AUD,1.4981
2026-01-09,2026-01-11T06:39:14.984106,BRL,5.3885
2026-01-09,2026-01-11T06:39:14.984106,CAD,1.3883
2026-01-09,2026-01-11T06:39:14.984106,CHF,0.80003
2026-01-09,2026-01-11T06:39:14.984106,CNY,6.9823
2026-01-09,2026-01-11T06:39:14.984106,EUR,0.85896
2026-01-09,2026-01-11T06:39:14.984106,GBP,0.74532
2026-01-09,2026-01-11T06:39:14.984106,IDR,16860
2026-01-09,2026-01-11T06:39:14.984106,INR,90.22
2026-01-09,2026-01-11T06:39:14.984106,JPY,157.64
2026-01-09,2026-01-11T06:39:14.984106,MXN,18.0278
2026-01-09,2026-01-11T06:39:14.984106,NZD,1.747
2026-01-09,2026-01-11T06:39:14.984106,PHP,59.212
2026-01-09,2026-01-11T06:39:14.984106,THB,31.465
2026-01-09,2026-01-11T06:39:14.984106,TRY,43.106
2026-01-09,2026-01-11T06:39:14.984106,ZAR,16.575
2026-01-09,2026-01-12T06:45:30.045272,AUD,1.4981
2026-01-09,2026-01-12T06:45:30.045272,BRL,5.3885
2026-01-09,2026-01-12T06:45:30.045272,CAD,1.3883
2026-01-09,2026-01-12T06:45:30.045272,CHF,0.80003
2026-01-09,2026-01-12T06:45:30.045272,CNY,6.9823
2026-01-09,2026-01-12T06:45:30.045272,EUR,0.85896
2026-01-09,2026-01-12T06:45:30.045272,GBP,0.74532
2026-01-09,2026-01-12T06:45:30.045272,IDR,16860
2026-01-09,2026-01-12T06:45:30.045272,INR,90.22
2026-01-09,2026-01-12T06:45:30.045272,JPY,157.64
2026-01-09,2026-01-12T06:45:30.045272,MXN,18.0278
2026-01-09,2026-01-12T06:45:30.045272,NZD,1.747
2026-01-09,2026-01-12T06:45:30.045272,PHP,59.212
2026-01-09,2026-01-12T06:45:30.045272,THB,31.465
2026-01-09,2026-01-12T06:45:30.045272,TRY,43.106
2026-01-09,2026-01-12T06:45:30.045272,ZAR,16.575
2026-01-12,2026-01-13T06:41:57.801362,AUD,1.489
2026-01-12,2026-01-13T06:41:57.801362,BRL,5.3766
2026-01-12,2026-01-13T06:41:57.801362,CAD,1.3872
2026-01-12,2026-01-13T06:41:57.801362,CHF,0.79653
2026-01-12,2026-01-13T06:41:57.801362,CNY,6.9731
2026-01-12,2026-01-13T06:41:57.801362,EUR,0.85529
2026-01-12,2026-01-13T06:41:57.801362,GBP,0.74187
2026-01-12,2026-01-13T06:41:57.801362,IDR,16893
2026-01-12,2026-01-13T06:41:57.801362,INR,90.16
2026-01-12,2026-01-13T06:41:57.801362,JPY,157.73
2026-01-12,2026-01-13T06:41:57.801362,MXN,17.9028
2026-01-12,2026-01-13T06:41:57.801362,NZD,1.7337
2026-01-12,2026-01-13T06:41:57.801362,PHP,59.34
2026-01-12,2026-01-13T06:41:57.801362,THB,31.225
2026-01-12,2026-01-13T06:41:57.801362,TRY,43.129
2026-01-12,2026-01-13T06:41:57.801362,ZAR,16.3888
2026-01-13,2026-01-14T06:41:48.323066,AUD,1.4925
2026-01-13,2026-01-14T06:41:48.323066,BRL,5.3832
2026-01-13,2026-01-14T06:41:48.323066,CAD,1.3877
2026-01-13,2026-01-14T06:41:48.323066,CHF,0.79895
2026-01-13,2026-01-14T06:41:48.323066,CNY,6.9756
2026-01-13,2026-01-14T06:41:48.323066,EUR,0.85807
2026-01-13,2026-01-14T06:41:48.323066,GBP,0.74309
2026-01-13,2026-01-14T06:41:48.323066,IDR,16864
2026-01-13,2026-01-14T06:41:48.323066,INR,90.23
2026-01-13,2026-01-14T06:41:48.323066,JPY,158.85
2026-01-13,2026-01-14T06:41:48.323066,MXN,17.8986
2026-01-13,2026-01-14T06:41:48.323066,NZD,1.736
2026-01-13,2026-01-14T06:41:48.323066,PHP,59.457
2026-01-13,2026-01-14T06:41:48.323066,THB,31.475
2026-01-13,2026-01-14T06:41:48.323066,TRY,43.156
2026-01-13,2026-01-14T06:41:48.323066,ZAR,16.454
2026-01-14,2026-01-15T06:41:24.537501,AUD,1.4977
2026-01-14,2026-01-15T06:41:24.537501,BRL,5.3681
2026-01-14,2026-01-15T06:41:24.537501,CAD,1.3878
2026-01-14,2026-01-15T06:41:24.537501,CHF,0.80105
2026-01-14,2026-01-15T06:41:24.537501,CNY,6.9734
2026-01-14,2026-01-15T06:41:24.537501,EUR,0.8583
2026-01-14,2026-01-15T06:41:24.537501,GBP,0.74397
2026-01-14,2026-01-15T06:41:24.537501,IDR,16872
2026-01-14,2026-01-15T06:41:24.537501,INR,90.3
2026-01-14,2026-01-15T06:41:24.537501,JPY,158.63
2026-01-14,2026-01-15T06:41:24.537501,MXN,17.8113
2026-01-14,2026-01-15T06:41:24.537501,NZD,1.7426
2026-01-14,2026-01-15T06:41:24.537501,PHP,59.464
2026-01-14,2026-01-15T06:41:24.537501,THB,31.475
2026-01-14,2026-01-15T06:41:24.537501,TRY,43.18
2026-01-14,2026-01-15T06:41:24.537501,ZAR,16.3952
2026-01-15,2026-01-16T06:41:45.817473,AUD,1.4954
2026-01-15,2026-01-16T06:41:45.817473,BRL,5.3817
2026-01-15,2026-01-16T06:41:45.817473,CAD,1.3904
2026-01-15,2026-01-16T06:41:45.817473,CHF,0.80127
2026-01-15,2026-01-16T06:41:45.817473,CNY,6.9673
2026-01-15,2026-01-16T06:41:45.817473,EUR,0.86029
2026-01-15,2026-01-16T06:41:45.817473,GBP,0.74621
2026-01-15,2026-01-16T06:41:45.817473,IDR,16897
2026-01-15,2026-01-16T06:41:45.817473,INR,90.3
2026-01-15,2026-01-16T06:41:45.817473,JPY,158.56
2026-01-15,2026-01-16T06:41:45.817473,MXN,17.7891
2026-01-15,2026-01-16T06:41:45.817473,NZD,1.7417
2026-01-15,2026-01-16T06:41:45.817473,PHP,59.517
2026-01-15,2026-01-16T06:41:45.817473,THB,31.395
2026-01-15,2026-01-16T06:41:45.817473,TRY,43.19
2026-01-15,2026-01-16T06:41:45.817473,ZAR,16.3721
2026-01-16,2026-01-17T06:37:52.089910,AUD,1.493
2026-01-16,2026-01-17T06:37:52.089910,BRL,5.3724
2026-01-16,2026-01-17T06:37:52.089910,CAD,1.3889
2026-01-16,2026-01-17T06:37:52.089910,CHF,0.80167
2026-01-16,2026-01-17T06:37:52.089910,CNY,6.9697
2026-01-16,2026-01-17T06:37:52.089910,EUR,0.86081
2026-01-16,2026-01-17T06:37:52.089910,GBP,0.74632
2026-01-16,2026-01-17T06:37:52.089910,IDR,16918
2026-01-16,2026-01-17T06:37:52.089910,INR,90.73
2026-01-16,2026-01-17T06:37:52.089910,JPY,158.1
2026-01-16,2026-01-17T06:37:52.089910,MXN,17.675
2026-01-16,2026-01-17T06:37:52.089910,NZD,1.737
2026-01-16,2026-01-17T06:37:52.089910,PHP,59.391
2026-01-16,2026-01-17T06:37:52.089910,THB,31.45
2026-01-16,2026-01-17T06:37:52.089910,TRY,43.28
2026-01-16,2026-01-17T06:37:52.089910,ZAR,16.3882
2026-01-16,2026-01-18T06:38:22.811936,AUD,1.493
2026-01-16,2026-01-18T06:38:22.811936,BRL,5.3724
2026-01-16,2026-01-18T06:38:22.811936,CAD,1.3889
2026-01-16,2026-01-18T06:38:22.811936,CHF,0.80167
2026-01-16,2026-01-18T06:38:22.811936,CNY,6.9697
2026-01-16,2026-01-18T06:38:22.811936,EUR,0.86081
2026-01-16,2026-01-18T06:38:22.811936,GBP,0.74632
2026-01-16,2026-01-18T06:38:22.811936,IDR,16918
2026-01-16,2026-01-18T06:38:22.811936,INR,90.73
2026-01-16,2026-01-18T06:38:22.811936,JPY,158.1
2026-01-16,2026-01-18T06:38:22.811936,MXN,17.675
2026-01-16,2026-01-18T06:38:22.811936,NZD,1.737
2026-01-16,2026-01-18T06:38:22.811936,PHP,59.391
2026-01-16,2026-01-18T06:38:22.811936,THB,31.45
2026-01-16,2026-01-18T06:38:22.811936,TRY,43.28
2026-01-16,2026-01-18T06:38:22.811936,ZAR,16.3882
2026-01-16,2026-01-19T06:48:04.907929,AUD,1.493
2026-01-16,2026-01-19T06:48:04.907929,BRL,5.3724
2026-01-16,2026-01-19T06:48:04.907929,CAD,1.3889
2026-01-16,2026-01-19T06:48:04.907929,CHF,0.80167
2026-01-16,2026-01-19T06:48:04.907929,CNY,6.9697
2026-01-16,2026-01-19T06:48:04.907929,EUR,0.86081
2026-01-16,2026-01-19T06:48:04.907929,GBP,0.74632
2026-01-16,2026-01-19T06:48:04.907929,IDR,16918
2026-01-16,2026-01-19T06:48:04.907929,INR,90.73
2026-01-16,2026-01-19T06:48:04.907929,JPY,158.1
2026-01-16,2026-01-19T06:48:04.907929,MXN,17.675
2026-01-16,2026-01-19T06:48:04.907929,NZD,1.737
2026-01-16,2026-01-19T06:48:04.907929,PHP,59.391
2026-01-16,2026-01-19T06:48:04.907929,THB,31.45
2026-01-16,2026-01-19T06:48:04.907929,TRY,43.28
2026-01-16,2026-01-19T06:48:04.907929,ZAR,16.3882
2026-01-19,2026-01-20T06:45:24.172170,AUD,1.491
2026-01-19,2026-01-20T06:45:24.172170,BRL,5.3667
2026-01-19,2026-01-20T06:45:24.172170,CAD,1.3884
2026-01-19,2026-01-20T06:45:24.172170,CHF,0.79804
2026-01-19,2026-01-20T06:45:24.172170,CNY,6.9634
2026-01-19,2026-01-20T06:45:24.172170,EUR,0.85977
2026-01-19,2026-01-20T06:45:24.172170,GBP,0.74551
2026-01-19,2026-01-20T06:45:24.172170,IDR,16974
2026-01-19,2026-01-20T06:45:24.172170,INR,90.88
2026-01-19,2026-01-20T06:45:24.172170,JPY,157.93
2026-01-19,2026-01-20T06:45:24.172170,MXN,17.6296
2026-01-19,2026-01-20T06:45:24.172170,NZD,1.728
2026-01-19,2026-01-20T06:45:24.172170,PHP,59.444
2026-01-19,2026-01-20T06:45:24.172170,THB,31.255
2026-01-19,2026-01-20T06:45:24.172170,TRY,43.272
2026-01-19,2026-01-20T06:45:24.172170,ZAR,16.4174
2026-01-20,2026-01-21T06:45:37.365356,AUD,1.4853
2026-01-20,2026-01-21T06:45:37.365356,BRL,5.3896
2026-01-20,2026-01-21T06:45:37.365356,CAD,1.3826
2026-01-20,2026-01-21T06:45:37.365356,CHF,0.79025
2026-01-20,2026-01-21T06:45:37.365356,CNY,6.9589
2026-01-20,2026-01-21T06:45:37.365356,EUR,0.85266
2026-01-20,2026-01-21T06:45:37.365356,GBP,0.74369
2026-01-20,2026-01-21T06:45:37.365356,IDR,16946
2026-01-20,2026-01-21T06:45:37.365356,INR,90.96
2026-01-20,2026-01-21T06:45:37.365356,JPY,157.9
2026-01-20,2026-01-21T06:45:37.365356,MXN,17.6236
2026-01-20,2026-01-21T06:45:37.365356,NZD,1.7137
2026-01-20,2026-01-21T06:45:37.365356,PHP,59.283
2026-01-20,2026-01-21T06:45:37.365356,THB,31.085
2026-01-20,2026-01-21T06:45:37.365356,TRY,43.273
2026-01-20,2026-01-21T06:45:37.365356,ZAR,16.4411
2026-01-21,2026-01-22T06:42:27.092318,AUD,1.4771
2026-01-21,2026-01-22T06:42:27.092318,BRL,5.3474
2026-01-21,2026-01-22T06:42:27.092318,CAD,1.3793
2026-01-21,2026-01-22T06:42:27.092318,CHF,0.78951
2026-01-21,2026-01-22T06:42:27.092318,CNY,6.9639
2026-01-21,2026-01-22T06:42:27.092318,EUR,0.85186
2026-01-21,2026-01-22T06:42:27.092318,GBP,0.74487
2026-01-21,2026-01-22T06:42:27.092318,IDR,16911
2026-01-21,2026-01-22T06:42:27.092318,INR,91.64
2026-01-21,2026-01-22T06:42:27.092318,JPY,157.79
2026-01-21,2026-01-22T06:42:27.092318,MXN,17.4785
2026-01-21,2026-01-22T06:42:27.092318,NZD,1.7053
2026-01-21,2026-01-22T06:42:27.092318,PHP,59.236
2026-01-21,2026-01-22T06:42:27.092318,THB,31.067
2026-01-21,2026-01-22T06:42:27.092318,TRY,43.298
2026-01-21,2026-01-22T06:42:27.092318,ZAR,16.3106
2026-01-22,2026-01-23T06:42:08.279984,AUD,1.4691
2026-01-22,2026-01-23T06:42:08.279984,BRL,5.3151
2026-01-22,2026-01-23T06:42:08.279984,CAD,1.3814
2026-01-22,2026-01-23T06:42:08.279984,CHF,0.79301
2026-01-22,2026-01-23T06:42:08.279984,CNY,6.9757
2026-01-22,2026-01-23T06:42:08.279984,EUR,0.85426
2026-01-22,2026-01-23T06:42:08.279984,GBP,0.74509
2026-01-22,2026-01-23T06:42:08.279984,IDR,16875
2026-01-22,2026-01-23T06:42:08.279984,INR,91.59
2026-01-22,2026-01-23T06:42:08.279984,JPY,158.79
2026-01-22,2026-01-23T06:42:08.279984,MXN,17.4851
2026-01-22,2026-01-23T06:42:08.279984,NZD,1.7008
2026-01-22,2026-01-23T06:42:08.279984,PHP,59.138
2026-01-22,2026-01-23T06:42:08.279984,THB,31.33
2026-01-22,2026-01-23T06:42:08.279984,TRY,43.284
2026-01-22,2026-01-23T06:42:08.279984,ZAR,16.2186
2026-01-23,2026-01-24T06:38:54.266313,AUD,1.4567
2026-01-23,2026-01-24T06:38:54.266313,BRL,5.2811
2026-01-23,2026-01-24T06:38:54.266313,CAD,1.3763
2026-01-23,2026-01-24T06:38:54.266313,CHF,0.79007
2026-01-23,2026-01-24T06:38:54.266313,CNY,6.9646
2026-01-23,2026-01-24T06:38:54.266313,EUR,0.85164
2026-01-23,2026-01-24T06:38:54.266313,GBP,0.73931
2026-01-23,2026-01-24T06:38:54.266313,IDR,16823
2026-01-23,2026-01-24T06:38:54.266313,INR,91.86
2026-01-23,2026-01-24T06:38:54.266313,JPY,158.16
2026-01-23,2026-01-24T06:38:54.266313,MXN,17.4434
2026-01-23,2026-01-24T06:38:54.266313,NZD,1.6909
2026-01-23,2026-01-24T06:38:54.266313,PHP,59.077
2026-01-23,2026-01-24T06:38:54.266313,THB,31.165
2026-01-23,2026-01-24T06:38:54.266313,TRY,43.355
2026-01-23,2026-01-24T06:38:54.266313,ZAR,16.1456
2026-01-23,2026-01-25T06:39:38.928532,AUD,1.4567
2026-01-23,2026-01-25T06:39:38.928532,BRL,5.2811
2026-01-23,2026-01-25T06:39:38.928532,CAD,1.3763
2026-01-23,2026-01-25T06:39:38.928532,CHF,0.79007
2026-01-23,2026-01-25T06:39:38.928532,CNY,6.9646
2026-01-23,2026-01-25T06:39:38.928532,EUR,0.85164
2026-01-23,2026-01-25T06:39:38.928532,GBP,0.73931
2026-01-23,2026-01-25T06:39:38.928532,IDR,16823
2026-01-23,2026-01-25T06:39:38.928532,INR,91.86
2026-01-23,2026-01-25T06:39:38.928532,JPY,158.16
2026-01-23,2026-01-25T06:39:38.928532,MXN,17.4434
2026-01-23,2026-01-25T06:39:38.928532,NZD,1.6909
2026-01-23,2026-01-25T06:39:38.928532,PHP,59.077
2026-01-23,2026-01-25T06:39:38.928532,THB,31.165
2026-01-23,2026-01-25T06:39:38.928532,TRY,43.355
2026-01-23,2026-01-25T06:39:38.928532,ZAR,16.1456
2026-01-23,2026-01-26T06:46:40.215086,AUD,1.4567
2026-01-23,2026-01-26T06:46:40.215086,BRL,5.2811
2026-01-23,2026-01-26T06:46:40.215086,CAD,1.3763
2026-01-23,2026-01-26T06:46:40.215086,CHF,0.79007
2026-01-23,2026-01-26T06:46:40.215086,CNY,6.9646
2026-01-23,2026-01-26T06:46:40.215086,EUR,0.85164
2026-01-23,2026-01-26T06:46:40.215086,GBP,0.73931
2026-01-23,2026-01-26T06:46:40.215086,IDR,16823
2026-01-23,2026-01-26T06:46:40.215086,INR,91.86
2026-01-23,2026-01-26T06:46:40.215086,JPY,158.16
2026-01-23,2026-01-26T06:46:40.215086,MXN,17.4434
2026-01-23,2026-01-26T06:46:40.215086,NZD,1.6909
2026-01-23,2026-01-26T06:46:40.215086,PHP,59.077
2026-01-23,2026-01-26T06:46:40.215086,THB,31.165
2026-01-23,2026-01-26T06:46:40.215086,TRY,43.355
2026-01-23,2026-01-26T06:46:40.215086,ZAR,16.1456
2026-01-26,2026-01-27T06:44:11.955565,AUD,1.4475
2026-01-26,2026-01-27T06:44:11.955565,BRL,5.2863
2026-01-26,2026-01-27T06:44:11.955565,CAD,1.3712
2026-01-26,2026-01-27T06:44:11.955565,CHF,0.77923
2026-01-26,2026-01-27T06:44:11.955565,CNY,6.9544
2026-01-26,2026-01-27T06:44:11.955565,EUR,0.84488
2026-01-26,2026-01-27T06:44:11.955565,GBP,0.73293
2026-01-26,2026-01-27T06:44:11.955565,IDR,16778
2026-01-26,2026-01-27T06:44:11.955565,INR,91.76
2026-01-26,2026-01-27T06:44:11.955565,JPY,154.21
2026-01-26,2026-01-27T06:44:11.955565,MXN,17.3902
2026-01-26,2026-01-27T06:44:11.955565,NZD,1.6794
2026-01-26,2026-01-27T06:44:11.955565,PHP,59.156
2026-01-26,2026-01-27T06:44:11.955565,THB,31.15
2026-01-26,2026-01-27T06:44:11.955565,TRY,43.376
2026-01-26,2026-01-27T06:44:11.955565,ZAR,16.0733
2026-01-27,2026-01-28T06:45:03.257627,AUD,1.4391
2026-01-27,2026-01-28T06:45:03.257627,BRL,5.2554
2026-01-27,2026-01-28T06:45:03.257627,CAD,1.3678
2026-01-27,2026-01-28T06:45:03.257627,CHF,0.77098
2026-01-27,2026-01-28T06:45:03.257627,CNY,6.9548
2026-01-27,2026-01-28T06:45:03.257627,EUR,0.83829
2026-01-27,2026-01-28T06:45:03.257627,GBP,0.72789
2026-01-27,2026-01-28T06:45:03.257627,IDR,16716
2026-01-27,2026-01-28T06:45:03.257627,INR,91.62
2026-01-27,2026-01-28T06:45:03.257627,JPY,153.34
2026-01-27,2026-01-28T06:45:03.257627,MXN,17.2982
2026-01-27,2026-01-28T06:45:03.257627,NZD,1.6688
2026-01-27,2026-01-28T06:45:03.257627,PHP,59.044
2026-01-27,2026-01-28T06:45:03.257627,THB,31.035
2026-01-27,2026-01-28T06:45:03.257627,TRY,43.403
2026-01-27,2026-01-28T06:45:03.257627,ZAR,15.9874
2026-01-28,2026-01-29T06:56:14.776293,AUD,1.4287
2026-01-28,2026-01-29T06:56:14.776293,BRL,5.1736
2026-01-28,2026-01-29T06:56:14.776293,CAD,1.3564
2026-01-28,2026-01-29T06:56:14.776293,CHF,0.76733
2026-01-28,2026-01-29T06:56:14.776293,CNY,6.9464
2026-01-28,2026-01-29T06:56:14.776293,EUR,0.83514
2026-01-28,2026-01-29T06:56:14.776293,GBP,0.72532
2026-01-28,2026-01-29T06:56:14.776293,IDR,16742
2026-01-28,2026-01-29T06:56:14.776293,INR,91.94
2026-01-28,2026-01-29T06:56:14.776293,JPY,152.63
2026-01-28,2026-01-29T06:56:14.776293,MXN,17.1547
2026-01-28,2026-01-29T06:56:14.776293,NZD,1.6585
2026-01-28,2026-01-29T06:56:14.776293,PHP,58.755
2026-01-28,2026-01-29T06:56:14.776293,THB,31.11
2026-01-28,2026-01-29T06:56:14.776293,TRY,43.415
2026-01-28,2026-01-29T06:56:14.776293,ZAR,15.8826
